사고번호,사고일시,요일,시군구,사고내용,사망자수,중상자수,경상자수,부상신고자수,사고유형,법규위반,노면상태,기상상태,도로형태,가해운전자 차종,가해운전자 성별,가해운전자 연령,가해운전자 상해정도,피해운전자 차종,피해운전자 성별,피해운전자 연령,피해운전자 상해정도
2022042200100569,2022년 4월 22일 22시,금요일,경기도 양주시 장흥면,경상사고,0,0,1,0,차대차 - 기타,기타,건조,맑음,단일로 - 기타,화물,남,48세,상해없음,승용,남,37세,경상
2022042300100373,2022년 4월 23일 17시,토요일,경기도 하남시 감일동,경상사고,0,0,1,0,차대차 - 기타,안전거리미확보,건조,맑음,단일로 - 기타,승용,남,69세,기타불명,승용,남,36세,경상
2022042400100296,2022년 4월 24일 16시,일요일,서울특별시 강동구 강일동,경상사고,0,0,2,0,차대차 - 측면충돌,안전거리미확보,건조,맑음,단일로 - 기타,승용,남,64세,상해없음,승용,여,29세,경상
2022042400100406,2022년 4월 24일 20시,일요일,서울특별시 강동구 강일동,부상신고사고,0,0,0,1,차대차 - 기타,안전운전불이행,건조,맑음,단일로 - 기타,화물,남,50세,상해없음,승용,여,40세,부상신고
2022042500100066,2022년 4월 25일 07시,월요일,경기도 의왕시 청계동,경상사고,0,0,1,0,차대차 - 기타,차로위반,건조,맑음,단일로 - 기타,화물,남,64세,상해없음,승용,남,48세,경상
2022042600100076,2022년 4월 26일 06시,화요일,경기도 의정부시 호원동,경상사고,0,0,1,0,차대차 - 측면충돌,신호위반,건조,맑음,단일로 - 터널,화물,남,65세,상해없음,승용,여,48세,경상
2022042600100093,2022년 4월 26일 07시,화요일,경기도 부천시 중동,경상사고,0,0,2,0,차대차 - 측면충돌,차로위반,건조,맑음,단일로 - 교량,특수,남,55세,상해없음,승용,여,52세,경상
2022042700100193,2022년 4월 27일 10시,수요일,경기도 고양시 덕양구 현천동,경상사고,0,0,1,0,차대차 - 기타,안전운전불이행,건조,맑음,단일로 - 기타,화물,남,25세,상해없음,승용,남,45세,경상
2022042700100291,2022년 4월 27일 13시,수요일,서울특별시 강동구 고덕동,경상사고,0,0,5,0,차대차 - 추돌,안전거리미확보,건조,맑음,단일로 - 기타,화물,남,67세,상해없음,승용,남,71세,경상
2022042700100322,2022년 4월 27일 14시,수요일,서울특별시 강동구 상일동,경상사고,0,0,1,0,차대차 - 기타,기타,건조,맑음,단일로 - 기타,기타불명,기타불명,미분류,기타불명,승용,남,56세,경상
2022042800100163,2022년 4월 28일 10시,목요일,경기도 성남시 수정구 태평동,경상사고,0,0,1,0,차대차 - 측면충돌,안전거리미확보,건조,맑음,단일로 - 기타,승용,남,47세,상해없음,건설기계,남,49세,경상
2022042800100508,2022년 4월 28일 19시,목요일,경기도 하남시 초일동,중상사고,0,1,0,0,차대차 - 측면충돌,안전거리미확보,건조,맑음,단일로 - 기타,승용,남,37세,상해없음,화물,남,44세,중상
2022042900100073,2022년 4월 29일 05시,금요일,경기도 시흥시 안현동,중상사고,0,1,0,0,차대차 - 측면충돌,안전운전불이행,젖음/습기,비,단일로 - 기타,승합,남,61세,상해없음,승용,남,58세,중상
2022042900100108,2022년 4월 29일 07시,금요일,경기도 구리시 토평동,경상사고,0,0,1,0,차대차 - 측면충돌,안전거리미확보,젖음/습기,맑음,단일로 - 기타,승용,남,67세,상해없음,승용,남,31세,경상
2022042900100206,2022년 4월 29일 10시,금요일,경기도 성남시 수정구 수진동,부상신고사고,0,0,0,1,차대차 - 측면충돌,안전거리미확보,건조,맑음,기타 - 기타,승용,여,25세,부상신고,화물,남,60세,상해없음
2022043000100089,2022년 4월 30일 08시,토요일,경기도 시흥시 금이동,경상사고,0,0,1,0,차대차 - 측면충돌,차로위반,건조,맑음,단일로 - 기타,승용,남,24세,상해없음,승용,남,57세,경상
2022043000100210,2022년 4월 30일 12시,토요일,서울특별시 강동구 강일동,경상사고,0,0,2,0,차대차 - 추돌,안전운전불이행,건조,맑음,단일로 - 기타,화물,여,54세,상해없음,승용,남,32세,경상
2022043000100345,2022년 4월 30일 16시,토요일,경기도 성남시 수정구 사송동,경상사고,0,0,1,0,차대차 - 기타,안전거리미확보,건조,맑음,단일로 - 기타,승용,남,69세,상해없음,승용,남,57세,상해없음
2022050100100233,2022년 5월 1일 14시,일요일,경기도 시흥시 조남동,경상사고,0,0,1,0,차대차 - 추돌,안전운전불이행,건조,맑음,단일로 - 기타,승용,남,48세,상해없음,승용,남,45세,경상
2022050100100238,2022년 5월 1일 14시,일요일,경기도 구리시 토평동,경상사고,0,0,2,0,차대차 - 측면충돌,안전운전불이행,건조,맑음,단일로 - 기타,승용,남,54세,상해없음,승용,남,36세,경상
2022050200100190,2022년 5월 2일 10시,월요일,서울특별시 강동구 강일동,중상사고,0,2,0,1,차대차 - 기타,안전거리미확보,건조,맑음,단일로 - 기타,승용,남,78세,상해없음,승합,남,60세,부상신고
2022050200100371,2022년 5월 2일 15시,월요일,경기도 고양시 덕양구 대자동,경상사고,0,0,1,0,차대차 - 측면충돌,신호위반,건조,맑음,교차로 - 교차로안,승용,남,51세,상해없음,화물,남,31세,경상
2022050300100409,2022년 5월 3일 16시,화요일,경기도 고양시 덕양구 오금동,경상사고,0,0,2,0,차대차 - 측면충돌,안전운전불이행,건조,맑음,단일로 - 기타,승용,여,38세,상해없음,승용,남,26세,경상
2022050300100510,2022년 5월 3일 18시,화요일,경기도 구리시 토평동,경상사고,0,0,1,0,차대차 - 측면충돌,안전운전불이행,건조,맑음,단일로 - 기타,화물,남,54세,상해없음,승용,남,29세,경상
2022050400100314,2022년 5월 4일 12시,수요일,경기도 구리시 수택동,경상사고,0,0,5,0,차대차 - 측면충돌,안전거리미확보,건조,맑음,단일로 - 기타,승용,남,84세,상해없음,승용,남,44세,경상
2022050400100545,2022년 5월 4일 18시,수요일,경기도 하남시 춘궁동,경상사고,0,0,1,1,차대차 - 추돌,안전운전불이행,건조,맑음,단일로 - 기타,승용,남,72세,상해없음,승용,남,40세,경상
2022050400100701,2022년 5월 4일 22시,수요일,경기도 성남시 수정구 복정동,경상사고,0,0,2,0,차대차 - 기타,안전운전불이행,건조,맑음,기타 - 기타,화물,남,61세,상해없음,승용,남,40세,경상
2022050400100712,2022년 5월 4일 22시,수요일,인천광역시 부평구 일신동,경상사고,0,0,2,0,차대차 - 기타,안전거리미확보,건조,맑음,단일로 - 교량,승용,여,21세,상해없음,승용,남,41세,경상
2022050500100086,2022년 5월 5일 08시,목요일,경기도 하남시 감일동,경상사고,0,0,1,0,차대차 - 기타,안전거리미확보,건조,맑음,단일로 - 기타,승용,남,41세,상해없음,승용,남,67세,경상
2022050500100168,2022년 5월 5일 11시,목요일,경기도 고양시 덕양구 주교동,경상사고,0,0,3,0,차대차 - 기타,안전거리미확보,건조,맑음,단일로 - 기타,승용,여,49세,상해없음,승용,남,39세,경상
2022050600100290,2022년 5월 6일 13시,금요일,인천광역시 부평구 일신동,중상사고,0,1,1,0,차대차 - 측면충돌,안전거리미확보,건조,맑음,단일로 - 기타,특수,남,60세,상해없음,승용,여,29세,중상
2022050600100344,2022년 5월 6일 14시,금요일,경기도 하남시 초일동,중상사고,0,1,0,0,차대차 - 추돌,안전거리미확보,건조,맑음,단일로 - 기타,승용,남,65세,상해없음,화물,남,65세,중상
2022050600100345,2022년 5월 6일 14시,금요일,경기도 구리시 토평동,경상사고,0,0,2,0,차대차 - 추돌,안전운전불이행,건조,맑음,단일로 - 기타,승용,남,66세,상해없음,승용,여,27세,경상
2022050600100542,2022년 5월 6일 18시,금요일,경기도 남양주시 와부읍,경상사고,0,0,2,0,차대차 - 측면충돌,안전거리미확보,건조,맑음,단일로 - 기타,승용,남,54세,상해없음,승용,남,46세,경상
2022050700100025,2022년 5월 7일 02시,토요일,경기도 의정부시 장암동,경상사고,0,0,1,0,차대차 - 측면충돌,기타,건조,맑음,단일로 - 기타,승용,남,26세,상해없음,승용,남,42세,상해없음
2022050700100433,2022년 5월 7일 18시,토요일,경기도 양주시 장흥면,경상사고,0,0,1,0,차대차 - 측면충돌,안전운전불이행,건조,맑음,단일로 - 기타,승용,남,24세,상해없음,승용,여,48세,경상
2022050800100018,2022년 5월 8일 01시,일요일,경기도 안양시 만안구 안양동,경상사고,0,0,1,0,차대차 - 측면충돌,안전운전불이행,건조,맑음,단일로 - 기타,승용,남,29세,상해없음,승용,남,37세,경상
2022050800100052,2022년 5월 8일 06시,일요일,경기도 안양시 만안구 안양동,경상사고,0,0,2,0,차대차 - 추돌,안전운전불이행,건조,맑음,단일로 - 터널,승용,남,23세,기타불명,승용,남,59세,경상
2022050800100204,2022년 5월 8일 13시,일요일,경기도 시흥시 대야동,경상사고,0,0,3,0,차대차 - 측면충돌,안전운전불이행,건조,맑음,단일로 - 기타,승용,남,22세,경상,승용,남,23세,상해없음
2022050800100205,2022년 5월 8일 13시,일요일,인천광역시 부평구 일신동,경상사고,0,0,2,0,차대차 - 측면충돌,차로위반,건조,맑음,단일로 - 교량,승용,여,54세,상해없음,승용,여,26세,경상
2022050900100184,2022년 5월 9일 10시,월요일,경기도 의정부시 호원동,경상사고,0,0,1,0,차대차 - 추돌,안전운전불이행,건조,맑음,단일로 - 기타,승용,여,56세,상해없음,승용,남,27세,경상
2022050900100337,2022년 5월 9일 14시,월요일,경기도 남양주시 별내동,중상사고,0,1,0,0,차량단독 - 공작물충돌,안전운전불이행,건조,맑음,단일로 - 기타,특수,남,56세,중상,,,,
2022050900100373,2022년 5월 9일 15시,월요일,인천광역시 계양구 서운동,경상사고,0,0,1,0,차대차 - 추돌,안전운전불이행,건조,맑음,단일로 - 기타,승용,남,50세,기타불명,승용,남,45세,경상
2022051000100214,2022년 5월 10일 11시,화요일,서울특별시 송파구 거여동,경상사고,0,0,1,0,차대차 - 기타,안전운전불이행,건조,맑음,단일로 - 기타,화물,남,60세,상해없음,승용,남,54세,경상
2022051000100430,2022년 5월 10일 16시,화요일,경기도 구리시 수택동,경상사고,0,0,1,0,차대차 - 측면충돌,안전운전불이행,건조,맑음,단일로 - 기타,특수,남,54세,상해없음,승용,남,61세,경상
2022051100100374,2022년 5월 11일 16시,수요일,서울특별시 강동구 상일동,경상사고,0,0,1,0,차대차 - 측면충돌,안전운전불이행,건조,맑음,단일로 - 기타,승용,남,75세,상해없음,승용,남,41세,경상
2022051100100527,2022년 5월 11일 20시,수요일,경기도 고양시 덕양구 오금동,중상사고,0,1,1,0,차대차 - 추돌,안전운전불이행,건조,맑음,단일로 - 기타,승용,남,51세,상해없음,승용,남,30세,중상
2022051200100580,2022년 5월 12일 22시,목요일,경기도 성남시 중원구 여수동,경상사고,0,0,2,0,차대차 - 기타,안전운전불이행,건조,맑음,기타 - 기타,화물,남,43세,상해없음,화물,남,71세,경상
2022051300100192,2022년 5월 13일 10시,금요일,경기도 구리시 토평동,경상사고,0,0,1,0,차대차 - 측면충돌,안전운전불이행,건조,맑음,단일로 - 기타,승용,여,56세,상해없음,건설기계,남,58세,경상
2022051300100482,2022년 5월 13일 18시,금요일,경기도 하남시 광암동,경상사고,0,0,1,0,차대차 - 기타,안전운전불이행,건조,맑음,단일로 - 기타,화물,남,55세,상해없음,승용,남,45세,경상
2022051400100139,2022년 5월 14일 09시,토요일,인천광역시 계양구 용종동,경상사고,0,0,1,0,차대차 - 추돌,안전운전불이행,건조,맑음,단일로 - 기타,승용,남,69세,상해없음,승용,남,23세,경상
2022051400100340,2022년 5월 14일 14시,토요일,경기도 고양시 덕양구 대장동,경상사고,0,0,4,0,차대차 - 측면충돌,안전거리미확보,건조,맑음,단일로 - 기타,승용,남,58세,상해없음,승용,남,29세,경상
2022051500100378,2022년 5월 15일 17시,일요일,경기도 시흥시 안현동,경상사고,0,0,3,0,차대차 - 측면충돌,안전거리미확보,건조,맑음,단일로 - 교량,승용,여,70세,상해없음,승용,여,30세,경상
2022051600100508,2022년 5월 16일 18시,월요일,경기도 고양시 덕양구 주교동,중상사고,0,2,0,0,차대차 - 추돌,안전운전불이행,건조,맑음,단일로 - 기타,승용,여,48세,상해없음,승용,여,59세,중상
2022051700100130,2022년 5월 17일 09시,화요일,경기도 하남시 감일동,경상사고,0,0,4,1,차대차 - 기타,안전거리미확보,건조,맑음,단일로 - 기타,승용,남,28세,부상신고,승용,여,47세,경상
2022051800100133,2022년 5월 18일 08시,수요일,경기도 구리시 사노동,경상사고,0,0,1,0,차대차 - 측면충돌,안전거리미확보,건조,맑음,단일로 - 기타,화물,남,64세,상해없음,화물,남,41세,경상
2022051900100062,2022년 5월 19일 06시,목요일,경기도 양주시 장흥면,중상사고,0,2,0,0,차대차 - 추돌,안전운전불이행,건조,맑음,단일로 - 기타,승용,남,56세,상해없음,화물,남,62세,중상
2022051900100251,2022년 5월 19일 12시,목요일,서울특별시 강동구 상일동,경상사고,0,0,3,0,차대차 - 기타,신호위반,건조,맑음,단일로 - 기타,화물,남,47세,상해없음,승용,여,65세,경상
2022051900100546,2022년 5월 19일 21시,목요일,경기도 양주시 장흥면,경상사고,0,0,1,0,차대차 - 추돌,기타,건조,맑음,단일로 - 터널,승용,남,26세,상해없음,승용,남,31세,상해없음
2022052000100165,2022년 5월 20일 09시,금요일,인천광역시 계양구 용종동,경상사고,0,0,1,0,차대차 - 측면충돌,신호위반,건조,맑음,단일로 - 교량,승용,여,64세,상해없음,승용,남,48세,경상
2022052000100172,2022년 5월 20일 09시,금요일,경기도 양주시 장흥면,경상사고,0,0,1,0,차대차 - 추돌,안전거리미확보,건조,맑음,단일로 - 터널,승용,남,62세,상해없음,승용,여,27세,경상
2022052000100410,2022년 5월 20일 16시,금요일,경기도 시흥시 논곡동,경상사고,0,0,1,0,차대차 - 측면충돌,안전운전불이행,건조,맑음,단일로 - 교량,화물,남,52세,상해없음,승용,남,31세,경상
2022052100100136,2022년 5월 21일 09시,토요일,경기도 양주시 장흥면,중상사고,0,1,0,0,차대차 - 측면충돌,신호위반,건조,맑음,단일로 - 터널,승용,남,67세,상해없음,승용,남,36세,중상
2022052200100280,2022년 5월 22일 15시,일요일,경기도 양주시 장흥면,경상사고,0,0,4,0,차대차 - 추돌,안전운전불이행,건조,맑음,단일로 - 기타,승용,남,28세,상해없음,승용,남,37세,경상
2022052200100463,2022년 5월 22일 21시,일요일,경기도 구리시 사노동,경상사고,0,0,2,0,차대차 - 측면충돌,안전운전불이행,건조,맑음,단일로 - 기타,승용,남,59세,상해없음,승용,남,62세,경상
2022052300100036,2022년 5월 23일 05시,월요일,경기도 부천시 상동,경상사고,0,0,1,0,차대차 - 추돌,안전거리미확보,건조,맑음,단일로 - 기타,승용,남,44세,상해없음,승용,남,53세,경상
2022052400100027,2022년 5월 24일 04시,화요일,경기도 안양시 만안구 안양동,경상사고,0,0,1,0,차대차 - 기타,안전운전불이행,건조,맑음,단일로 - 기타,승용,남,47세,기타불명,화물,남,38세,경상
2022052400100365,2022년 5월 24일 15시,화요일,인천광역시 계양구 용종동,경상사고,0,0,1,0,차대차 - 추돌,안전운전불이행,건조,맑음,단일로 - 기타,승용,남,18세,상해없음,승용,여,37세,경상
2022052500100258,2022년 5월 25일 12시,수요일,인천광역시 계양구 용종동,경상사고,0,0,1,0,차대차 - 측면충돌,안전거리미확보,건조,맑음,단일로 - 교량,화물,남,66세,상해없음,승용,남,22세,경상
2022052600100575,2022년 5월 26일 19시,목요일,경기도 하남시 초일동,중상사고,0,1,0,0,차대차 - 기타,안전거리미확보,건조,맑음,단일로 - 기타,화물,남,52세,상해없음,승용,남,53세,중상
2022052700100056,2022년 5월 27일 05시,금요일,경기도 양주시 장흥면,중상사고,0,1,1,0,차대차 - 추돌,안전운전불이행,건조,맑음,단일로 - 기타,화물,남,53세,중상,특수,남,61세,경상
2022052700100574,2022년 5월 27일 19시,금요일,경기도 성남시 수정구 사송동,경상사고,0,0,2,0,차대차 - 기타,안전운전불이행,건조,맑음,단일로 - 기타,화물,남,54세,경상,승용,여,34세,경상
2022052800100259,2022년 5월 28일 12시,토요일,경기도 고양시 덕양구 대자동,경상사고,0,0,1,0,차대차 - 기타,신호위반,건조,맑음,교차로 - 교차로안,승용,남,27세,상해없음,승용,남,39세,경상
2022052800100414,2022년 5월 28일 16시,토요일,경기도 남양주시 도농동,부상신고사고,0,0,0,1,차대차 - 기타,안전거리미확보,건조,맑음,단일로 - 기타,승용,남,35세,상해없음,승용,여,37세,상해없음
2022052800100469,2022년 5월 28일 18시,토요일,경기도 하남시 춘궁동,경상사고,0,0,3,0,차대차 - 기타,차로위반,건조,맑음,기타 - 기타,승용,남,75세,상해없음,승용,남,32세,경상
2022052900100190,2022년 5월 29일 12시,일요일,경기도 의정부시 장암동,경상사고,0,0,2,0,차대차 - 측면충돌,안전운전불이행,건조,맑음,단일로 - 기타,승용,남,85세,경상,건설기계,남,61세,상해없음
2022053000100180,2022년 5월 30일 11시,월요일,경기도 의정부시 호원동,경상사고,0,0,2,0,차대차 - 기타,안전운전불이행,건조,맑음,단일로 - 기타,승용,남,77세,상해없음,화물,남,61세,경상
2022053000100476,2022년 5월 30일 19시,월요일,서울특별시 강동구 상일동,경상사고,0,0,3,0,차대차 - 추돌,안전운전불이행,건조,맑음,단일로 - 기타,화물,남,50세,상해없음,화물,남,53세,경상
2022060200100595,2022년 6월 2일 23시,목요일,서울특별시 송파구 장지동,경상사고,0,0,2,0,차대차 - 기타,안전운전불이행,건조,맑음,단일로 - 기타,승용,여,40세,상해없음,승용,남,40세,경상
2022060300100150,2022년 6월 3일 09시,금요일,경기도 구리시 토평동,경상사고,0,0,1,0,차대차 - 측면충돌,안전운전불이행,건조,맑음,단일로 - 기타,승용,여,64세,상해없음,승용,여,23세,경상
2022060400100189,2022년 6월 4일 10시,토요일,경기도 구리시 사노동,경상사고,0,0,1,0,차대차 - 추돌,안전운전불이행,건조,맑음,단일로 - 기타,승용,남,34세,상해없음,승용,여,68세,경상
2022060400100574,2022년 6월 4일 22시,토요일,경기도 부천시 상동,경상사고,0,0,2,0,차대차 - 기타,안전운전불이행,건조,맑음,단일로 - 기타,승용,여,34세,경상,승용,남,64세,경상
2022060600100424,2022년 6월 6일 20시,월요일,인천광역시 계양구 귤현동,경상사고,0,0,1,0,차대차 - 측면충돌,안전운전불이행,건조,맑음,단일로 - 교량,승용,남,60세,상해없음,승용,남,34세,경상
2022060700100039,2022년 6월 7일 06시,화요일,서울특별시 강동구 강일동,경상사고,0,0,1,1,차대차 - 기타,안전거리미확보,건조,맑음,단일로 - 기타,화물,남,57세,상해없음,승용,남,61세,부상신고
2022060700100215,2022년 6월 7일 11시,화요일,경기도 구리시 토평동,경상사고,0,0,1,0,차대차 - 추돌,안전운전불이행,건조,맑음,단일로 - 기타,승용,여,51세,상해없음,승용,남,71세,상해없음
2022060700100237,2022년 6월 7일 12시,화요일,서울특별시 강동구 강일동,경상사고,0,0,1,0,차대차 - 추돌,안전거리미확보,건조,맑음,단일로 - 기타,승용,여,57세,상해없음,화물,남,44세,경상
2022060700100252,2022년 6월 7일 13시,화요일,경기도 의왕시 청계동,중상사고,0,1,3,0,차대차 - 추돌,안전운전불이행,건조,맑음,단일로 - 기타,화물,남,47세,상해없음,승용,남,47세,중상
2022060700100390,2022년 6월 7일 17시,화요일,경기도 의왕시 청계동,경상사고,0,0,1,0,차대차 - 기타,안전거리미확보,건조,맑음,단일로 - 기타,승용,여,59세,상해없음,승용,여,38세,경상
2022060900100046,2022년 6월 9일 06시,목요일,경기도 시흥시 안현동,경상사고,0,0,1,0,차대차 - 측면충돌,안전거리미확보,건조,맑음,단일로 - 기타,승합,남,60세,상해없음,승용,여,52세,경상
2022060900100352,2022년 6월 9일 16시,목요일,인천광역시 계양구 병방동,경상사고,0,0,1,0,차대차 - 추돌,안전거리미확보,건조,맑음,단일로 - 교량,승용,여,55세,상해없음,승용,남,59세,경상
2022060900100503,2022년 6월 9일 21시,목요일,경기도 의왕시 청계동,경상사고,0,0,2,0,차대차 - 추돌,안전운전불이행,건조,맑음,단일로 - 기타,승용,여,28세,상해없음,승용,남,57세,경상
2022061000100273,2022년 6월 10일 13시,금요일,인천광역시 계양구 동양동,경상사고,0,0,2,0,차대차 - 추돌,안전운전불이행,건조,맑음,단일로 - 기타,승용,남,30세,상해없음,승용,남,65세,경상
2022061000100293,2022년 6월 10일 14시,금요일,경기도 안산시 상록구 수암동,경상사고,0,0,1,0,차대차 - 기타,차로위반,건조,맑음,단일로 - 기타,화물,남,58세,상해없음,승용,남,23세,경상
2022061000100451,2022년 6월 10일 17시,금요일,경기도 하남시 초일동,경상사고,0,0,1,0,차대차 - 기타,신호위반,건조,맑음,단일로 - 기타,승용,여,43세,상해없음,승용,남,28세,경상
2022061100100170,2022년 6월 11일 10시,토요일,경기도 구리시 토평동,경상사고,0,0,1,0,차대차 - 측면충돌,안전거리미확보,건조,맑음,단일로 - 기타,화물,남,39세,상해없음,승용,여,58세,경상
2022061100100270,2022년 6월 11일 13시,토요일,경기도 성남시 수정구 사송동,경상사고,0,0,4,0,차대차 - 기타,안전운전불이행,건조,맑음,단일로 - 기타,화물,남,51세,상해없음,승용,남,31세,경상
2022061200100390,2022년 6월 12일 21시,일요일,경기도 남양주시 별내동,경상사고,0,0,2,0,차대차 - 기타,안전운전불이행,건조,맑음,단일로 - 기타,승용,남,41세,상해없음,승용,여,43세,경상
2022061300100269,2022년 6월 13일 14시,월요일,서울특별시 강동구 강일동,중상사고,0,1,1,0,차대차 - 추돌,안전거리미확보,건조,맑음,단일로 - 기타,승용,남,69세,경상,승용,남,40세,상해없음
2022061300100530,2022년 6월 13일 22시,월요일,경기도 안양시 만안구 안양동,중상사고,0,1,0,0,차대차 - 추돌,기타,건조,맑음,단일로 - 기타,승용,남,37세,상해없음,승용,여,63세,상해없음
2022061500100021,2022년 6월 15일 01시,수요일,경기도 하남시 춘궁동,경상사고,0,0,2,0,차대차 - 기타,기타,젖음/습기,비,단일로 - 기타,특수,남,62세,상해없음,승용,남,50세,상해없음
2022061500100577,2022년 6월 15일 22시,수요일,경기도 의정부시 호원동,중상사고,0,4,1,0,차대차 - 측면충돌,기타,젖음/습기,비,단일로 - 기타,승용,남,50세,상해없음,승용,남,36세,중상
2022061600100021,2022년 6월 16일 01시,목요일,경기도 의정부시 호원동,경상사고,0,0,1,0,차대차 - 추돌,안전운전불이행,건조,맑음,단일로 - 고가도로위,승용,남,44세,기타불명,승용,남,45세,경상
2022061700100298,2022년 6월 17일 14시,금요일,경기도 안양시 동안구 평촌동,경상사고,0,0,1,0,차대차 - 측면충돌,안전거리미확보,건조,맑음,단일로 - 기타,건설기계,남,55세,상해없음,승용,여,26세,경상
2022061700100597,2022년 6월 17일 21시,금요일,서울특별시 강동구 강일동,경상사고,0,0,1,0,차대차 - 기타,안전거리미확보,건조,맑음,단일로 - 기타,승용,남,53세,상해없음,승용,여,36세,경상
2022061800100116,2022년 6월 18일 08시,토요일,서울특별시 강동구 강일동,중상사고,0,1,1,0,차대차 - 추돌,안전운전불이행,건조,맑음,단일로 - 기타,화물,남,65세,상해없음,승용,남,48세,경상
2022061800100159,2022년 6월 18일 10시,토요일,경기도 의왕시 청계동,경상사고,0,0,2,0,차대차 - 측면충돌,안전거리미확보,건조,맑음,단일로 - 기타,승용,남,37세,상해없음,승용,여,47세,경상
2022061800100428,2022년 6월 18일 17시,토요일,경기도 하남시 초일동,경상사고,0,0,2,0,차대차 - 측면충돌,안전거리미확보,건조,맑음,단일로 - 기타,승용,남,48세,상해없음,승용,여,59세,경상
2022061900100147,2022년 6월 19일 11시,일요일,경기도 하남시 초일동,경상사고,0,0,2,1,차대차 - 추돌,안전운전불이행,건조,맑음,단일로 - 기타,승용,여,37세,상해없음,승용,남,31세,경상
2022062000100055,2022년 6월 20일 06시,월요일,인천광역시 계양구 용종동,경상사고,0,0,1,0,차대차 - 추돌,안전운전불이행,건조,맑음,단일로 - 기타,화물,남,39세,상해없음,승용,남,66세,경상
2022062000100059,2022년 6월 20일 06시,월요일,서울특별시 강동구 상일동,경상사고,0,0,1,0,차대차 - 측면충돌,안전거리미확보,건조,맑음,단일로 - 교량,화물,남,55세,상해없음,승용,여,49세,경상
2022062000100589,2022년 6월 20일 21시,월요일,경기도 고양시 덕양구 신원동,중상사고,0,1,0,0,차대사람 - 기타,안전운전불이행,건조,맑음,단일로 - 기타,승용,남,55세,상해없음,보행자,남,59세,중상
2022062100100015,2022년 6월 21일 02시,화요일,경기도 구리시 토평동,경상사고,0,0,1,0,차대차 - 기타,안전운전불이행,건조,맑음,단일로 - 기타,기타불명,기타불명,미분류,기타불명,화물,남,38세,경상
2022062100100084,2022년 6월 21일 08시,화요일,경기도 성남시 분당구 야탑동,경상사고,0,0,1,0,차대차 - 측면충돌,안전거리미확보,건조,맑음,단일로 - 기타,승용,남,34세,상해없음,승용,여,27세,경상
2022062100100140,2022년 6월 21일 09시,화요일,인천광역시 계양구 병방동,중상사고,0,1,0,0,차대차 - 기타,안전운전불이행,건조,맑음,단일로 - 교량,기타불명,기타불명,미분류,기타불명,승용,남,63세,상해없음
2022062100100205,2022년 6월 21일 11시,화요일,경기도 시흥시 안현동,경상사고,0,0,1,0,차대차 - 추돌,차로위반,건조,맑음,단일로 - 교량,승용,여,50세,경상,화물,남,54세,상해없음
2022062100100365,2022년 6월 21일 16시,화요일,경기도 성남시 분당구 야탑동,경상사고,0,0,1,0,차대차 - 기타,안전거리미확보,건조,맑음,기타 - 기타,승용,남,63세,상해없음,화물,남,52세,경상