사고번호,사고일시,요일,시군구,사고내용,사망자수,중상자수,경상자수,부상신고자수,사고유형,법규위반,노면상태,기상상태,도로형태,가해운전자 차종,가해운전자 성별,가해운전자 연령,가해운전자 상해정도,피해운전자 차종,피해운전자 성별,피해운전자 연령,피해운전자 상해정도
2022062100100539,2022년 6월 21일 20시,화요일,인천광역시 남동구 장수동,경상사고,0,0,1,0,차대차 - 측면충돌,안전거리미확보,건조,맑음,단일로 - 기타,화물,남,54세,상해없음,승용,남,41세,경상
2022062200100132,2022년 6월 22일 08시,수요일,경기도 시흥시 계수동,중상사고,0,1,0,0,차대차 - 측면충돌,안전거리미확보,건조,맑음,단일로 - 기타,승용,여,47세,상해없음,특수,남,39세,중상
2022062200100254,2022년 6월 22일 12시,수요일,서울특별시 강동구 강일동,경상사고,0,0,1,0,차대차 - 측면충돌,안전거리미확보,건조,맑음,단일로 - 기타,화물,남,50세,상해없음,승용,여,51세,경상
2022062200100373,2022년 6월 22일 15시,수요일,경기도 남양주시 별내동,중상사고,0,1,3,0,차대차 - 측면충돌,신호위반,건조,맑음,단일로 - 기타,건설기계,남,51세,상해없음,승용,남,30세,경상
2022062400100026,2022년 6월 24일 01시,금요일,경기도 의왕시 내손동,중상사고,0,1,1,0,차대차 - 추돌,기타,젖음/습기,비,단일로 - 기타,승용,남,24세,경상,승용,남,56세,중상
2022062400100100,2022년 6월 24일 07시,금요일,경기도 구리시 인창동,경상사고,0,0,2,0,차대차 - 기타,안전운전불이행,건조,맑음,단일로 - 기타,화물,남,61세,상해없음,승용,여,31세,경상
2022062400100330,2022년 6월 24일 15시,금요일,경기도 하남시 감일동,경상사고,0,0,1,0,차대차 - 추돌,안전운전불이행,건조,맑음,단일로 - 기타,승용,남,36세,상해없음,승용,남,38세,경상
2022062400100499,2022년 6월 24일 18시,금요일,경기도 시흥시 계수동,중상사고,0,1,0,0,차대차 - 기타,안전운전불이행,건조,맑음,단일로 - 기타,승용,남,23세,상해없음,승용,남,50세,중상
2022062500100019,2022년 6월 25일 01시,토요일,서울특별시 송파구 장지동,중상사고,0,1,0,0,차대차 - 기타,안전거리미확보,건조,맑음,단일로 - 기타,승용,남,39세,상해없음,승용,남,38세,중상
2022062500100023,2022년 6월 25일 01시,토요일,경기도 하남시 초일동,경상사고,0,0,1,0,차대차 - 측면충돌,안전거리미확보,건조,맑음,단일로 - 기타,승용,여,22세,상해없음,승용,남,59세,경상
2022062500100109,2022년 6월 25일 08시,토요일,경기도 고양시 덕양구 신원동,사망사고,1,0,2,0,차대차 - 추돌,안전운전불이행,건조,맑음,단일로 - 기타,승용,남,83세,기타불명,승합,남,59세,경상
2022062600100393,2022년 6월 26일 22시,일요일,경기도 시흥시 안현동,경상사고,0,0,1,0,차대차 - 측면충돌,차로위반,건조,맑음,단일로 - 기타,승용,남,41세,상해없음,승용,남,30세,경상
2022062700100211,2022년 6월 27일 11시,월요일,경기도 김포시 고촌읍,경상사고,0,0,1,0,차대차 - 기타,신호위반,젖음/습기,비,단일로 - 기타,승용,여,52세,상해없음,승용,남,27세,경상
2022062700100303,2022년 6월 27일 14시,월요일,인천광역시 계양구 용종동,경상사고,0,0,1,0,차대차 - 추돌,안전운전불이행,젖음/습기,비,단일로 - 기타,승용,남,27세,상해없음,승합,남,61세,경상
2022062700100504,2022년 6월 27일 20시,월요일,서울특별시 강동구 고덕동,경상사고,0,0,4,0,차대차 - 기타,안전운전불이행,건조,맑음,단일로 - 기타,승용,남,32세,경상,승용,여,57세,경상
2022062700100535,2022년 6월 27일 22시,월요일,경기도 하남시 감일동,중상사고,0,1,0,0,차대차 - 기타,안전거리미확보,건조,맑음,단일로 - 기타,승용,여,44세,상해없음,승용,여,34세,중상
2022062700100557,2022년 6월 27일 23시,월요일,경기도 구리시 사노동,경상사고,0,0,1,0,차대차 - 추돌,안전운전불이행,건조,맑음,단일로 - 기타,화물,남,41세,상해없음,화물,남,59세,경상
2022062900100177,2022년 6월 29일 11시,수요일,경기도 성남시 수정구 수진동,경상사고,0,0,1,0,차대차 - 측면충돌,신호위반,젖음/습기,비,단일로 - 기타,화물,남,51세,상해없음,화물,남,63세,경상
2022062900100178,2022년 6월 29일 11시,수요일,경기도 성남시 수정구 복정동,경상사고,0,0,1,0,차대차 - 추돌,안전운전불이행,건조,맑음,단일로 - 기타,승용,남,37세,상해없음,승용,여,40세,경상
2022062900100604,2022년 6월 29일 23시,수요일,경기도 고양시 덕양구 대자동,경상사고,0,0,2,0,차대차 - 추돌,안전운전불이행,젖음/습기,비,단일로 - 기타,승용,남,36세,상해없음,승용,남,61세,경상
2022063000100018,2022년 6월 30일 00시,목요일,인천광역시 계양구 계산동,사망사고,1,0,2,0,차대차 - 추돌,안전운전불이행,젖음/습기,비,단일로 - 기타,승용,남,60세,경상,승용,남,22세,경상
2022063000100019,2022년 6월 30일 00시,목요일,인천광역시 계양구 계산동,경상사고,0,0,2,0,차대차 - 측면충돌,안전거리미확보,젖음/습기,비,단일로 - 기타,승용,남,63세,상해없음,승용,여,55세,경상
2022063000100023,2022년 6월 30일 00시,목요일,경기도 구리시 인창동,경상사고,0,0,1,0,차대차 - 추돌,안전운전불이행,젖음/습기,비,단일로 - 기타,승용,남,25세,상해없음,승용,여,58세,경상
2022063000100174,2022년 6월 30일 09시,목요일,서울특별시 강동구 강일동,경상사고,0,0,1,0,차대차 - 측면충돌,안전운전불이행,건조,흐림,단일로 - 기타,승용,남,47세,상해없음,승용,남,36세,경상
2022063000100324,2022년 6월 30일 15시,목요일,인천광역시 계양구 동양동,경상사고,0,0,4,0,차대차 - 추돌,안전거리미확보,젖음/습기,비,단일로 - 기타,승용,여,57세,상해없음,승용,남,44세,경상
2022063000100417,2022년 6월 30일 17시,목요일,서울특별시 강동구 상일동,경상사고,0,0,1,0,차대차 - 추돌,안전운전불이행,젖음/습기,비,단일로 - 기타,승용,남,66세,상해없음,승용,여,54세,경상
2022063000100611,2022년 6월 30일 23시,목요일,인천광역시 계양구 귤현동,경상사고,0,0,1,0,차대차 - 추돌,안전거리미확보,젖음/습기,비,단일로 - 교량,승용,남,34세,상해없음,화물,남,63세,경상
2022070100100079,2022년 7월 1일 07시,금요일,서울특별시 강동구 상일동,경상사고,0,0,1,0,차대차 - 추돌,안전운전불이행,건조,맑음,단일로 - 기타,화물,남,53세,상해없음,화물,남,65세,상해없음
2022070100100587,2022년 7월 1일 19시,금요일,서울특별시 강동구 강일동,경상사고,0,0,1,0,차대차 - 기타,안전운전불이행,건조,맑음,단일로 - 기타,승용,남,47세,상해없음,승용,남,26세,경상
2022070200100081,2022년 7월 2일 06시,토요일,인천광역시 계양구 노오지동,경상사고,0,0,1,0,차대차 - 측면충돌,안전거리미확보,건조,맑음,단일로 - 교량,화물,남,37세,상해없음,승용,남,61세,경상
2022070300100390,2022년 7월 3일 19시,일요일,서울특별시 강동구 강일동,경상사고,0,0,1,0,차대차 - 측면충돌,안전거리미확보,건조,맑음,단일로 - 기타,승합,남,66세,상해없음,승용,남,51세,경상
2022070400100589,2022년 7월 4일 23시,월요일,경기도 남양주시 도농동,중상사고,0,1,1,0,차대차 - 추돌,안전운전불이행,건조,맑음,단일로 - 기타,승용,남,43세,상해없음,승용,남,39세,경상
2022070500100069,2022년 7월 5일 07시,화요일,경기도 김포시 고촌읍,경상사고,0,0,2,0,차대차 - 추돌,안전운전불이행,건조,맑음,기타 - 기타,승용,남,51세,상해없음,승용,여,43세,경상
2022070500100120,2022년 7월 5일 08시,화요일,경기도 구리시 교문동,부상신고사고,0,0,0,1,차대차 - 측면충돌,안전운전불이행,건조,맑음,단일로 - 기타,승용,남,50세,상해없음,화물,남,53세,부상신고
2022070500100137,2022년 7월 5일 09시,화요일,경기도 성남시 분당구 삼평동,경상사고,0,0,2,0,차대차 - 기타,안전거리미확보,건조,맑음,단일로 - 기타,건설기계,남,61세,상해없음,승용,남,46세,경상
2022070600100312,2022년 7월 6일 15시,수요일,서울특별시 송파구 장지동,경상사고,0,0,3,0,차대차 - 측면충돌,안전거리미확보,건조,맑음,단일로 - 기타,승용,여,64세,상해없음,승용,여,50세,경상
2022070700100063,2022년 7월 7일 06시,목요일,경기도 양주시 장흥면,경상사고,0,0,1,0,차대차 - 측면충돌,안전운전불이행,건조,맑음,단일로 - 기타,승용,남,30세,상해없음,승용,여,54세,경상
2022070700100351,2022년 7월 7일 15시,목요일,경기도 의왕시 내손동,경상사고,0,0,1,0,차대차 - 측면충돌,안전거리미확보,건조,맑음,기타 - 기타,화물,남,70세,상해없음,승용,남,43세,경상
2022070800100318,2022년 7월 8일 14시,금요일,경기도 시흥시 계수동,경상사고,0,0,1,0,차대차 - 측면충돌,안전거리미확보,건조,맑음,단일로 - 기타,화물,남,70세,상해없음,승용,남,21세,경상
2022070800100354,2022년 7월 8일 15시,금요일,경기도 구리시 사노동,경상사고,0,0,2,0,차대차 - 측면충돌,안전운전불이행,건조,맑음,주차장 - 주차장,승용,여,43세,상해없음,화물,남,43세,경상
2022070800100391,2022년 7월 8일 16시,금요일,서울특별시 강동구 상일동,경상사고,0,0,1,0,차대차 - 기타,안전운전불이행,건조,맑음,단일로 - 기타,화물,남,64세,상해없음,승용,여,56세,경상
2022070900100049,2022년 7월 9일 03시,토요일,경기도 시흥시 매화동,경상사고,0,0,1,0,차대차 - 측면충돌,안전운전불이행,건조,맑음,단일로 - 교량,화물,남,37세,상해없음,화물,남,38세,경상
2022070900100130,2022년 7월 9일 09시,토요일,인천광역시 계양구 노오지동,부상신고사고,0,0,0,1,차대차 - 추돌,안전운전불이행,건조,흐림,단일로 - 기타,화물,남,65세,상해없음,승용,남,59세,부상신고
2022070900100309,2022년 7월 9일 14시,토요일,경기도 양주시 장흥면,경상사고,0,0,2,0,차대차 - 측면충돌,안전거리미확보,건조,맑음,단일로 - 기타,승용,남,56세,상해없음,승용,남,35세,경상
2022070900100423,2022년 7월 9일 17시,토요일,서울특별시 강동구 강일동,경상사고,0,0,1,0,차대차 - 기타,안전거리미확보,건조,맑음,단일로 - 기타,승용,남,60세,상해없음,승용,남,39세,경상
2022070900100439,2022년 7월 9일 18시,토요일,경기도 하남시 감일동,경상사고,0,0,4,0,차대차 - 측면충돌,안전거리미확보,건조,맑음,단일로 - 고가도로위,승용,남,35세,상해없음,승용,여,54세,경상
2022071000100079,2022년 7월 10일 07시,일요일,경기도 하남시 광암동,경상사고,0,0,1,0,차대차 - 추돌,안전운전불이행,건조,맑음,단일로 - 기타,승용,남,42세,상해없음,승용,남,37세,경상
2022071000100141,2022년 7월 10일 10시,일요일,경기도 고양시 덕양구 대자동,중상사고,0,1,0,0,차대차 - 정면충돌,신호위반,건조,맑음,교차로 - 교차로안,승용,남,47세,상해없음,승용,남,34세,중상
2022071000100245,2022년 7월 10일 14시,일요일,경기도 양주시 장흥면,경상사고,0,0,1,0,차대차 - 기타,안전운전불이행,건조,맑음,단일로 - 터널,기타불명,기타불명,미분류,기타불명,승용,여,48세,상해없음
2022071000100428,2022년 7월 10일 22시,일요일,경기도 남양주시 별내동,중상사고,0,2,0,0,차대차 - 추돌,안전운전불이행,건조,맑음,단일로 - 기타,승용,여,42세,상해없음,화물,남,57세,중상
2022071100100087,2022년 7월 11일 08시,월요일,경기도 하남시 감일동,경상사고,0,0,1,0,차대차 - 기타,안전운전불이행,건조,맑음,단일로 - 기타,화물,남,56세,상해없음,승용,남,38세,경상
2022071200100273,2022년 7월 12일 14시,화요일,경기도 하남시 초일동,중상사고,0,1,1,0,차대차 - 기타,안전운전불이행,건조,맑음,기타 - 기타,기타불명,남,22세,상해없음,승용,남,47세,경상
2022071200100274,2022년 7월 12일 14시,화요일,경기도 구리시 토평동,경상사고,0,0,1,0,차대차 - 측면충돌,안전운전불이행,건조,맑음,단일로 - 기타,승용,남,65세,상해없음,화물,남,39세,경상
2022071200100493,2022년 7월 12일 21시,화요일,경기도 의정부시 장암동,경상사고,0,0,1,0,차대차 - 측면충돌,안전거리미확보,건조,맑음,단일로 - 기타,승용,여,24세,상해없음,승용,남,48세,경상
2022071300100022,2022년 7월 13일 03시,수요일,경기도 성남시 수정구 복정동,경상사고,0,0,1,0,차대차 - 추돌,안전운전불이행,젖음/습기,비,기타 - 기타,승용,남,34세,상해없음,승합,남,48세,경상
2022071300100155,2022년 7월 13일 10시,수요일,인천광역시 부평구 일신동,경상사고,0,0,1,0,차대차 - 추돌,안전거리미확보,젖음/습기,비,단일로 - 기타,승용,남,65세,상해없음,승용,남,58세,경상
2022071300100163,2022년 7월 13일 10시,수요일,경기도 구리시 인창동,중상사고,0,1,2,0,차대차 - 측면충돌,안전운전불이행,젖음/습기,비,단일로 - 기타,승용,여,55세,상해없음,특수,남,53세,경상
2022071300100257,2022년 7월 13일 14시,수요일,경기도 성남시 수정구 수진동,경상사고,0,0,2,0,차대차 - 기타,안전운전불이행,젖음/습기,비,단일로 - 기타,승용,남,35세,상해없음,승용,남,27세,경상
2022071400100069,2022년 7월 14일 06시,목요일,인천광역시 부평구 일신동,경상사고,0,0,1,0,차대차 - 추돌,안전거리미확보,젖음/습기,비,단일로 - 교량,화물,남,62세,상해없음,승용,남,24세,경상
2022071400100136,2022년 7월 14일 08시,목요일,경기도 구리시 토평동,경상사고,0,0,1,0,차대차 - 측면충돌,안전거리미확보,건조,맑음,단일로 - 기타,승용,남,69세,상해없음,건설기계,남,48세,경상
2022071400100351,2022년 7월 14일 15시,목요일,경기도 안양시 만안구 안양동,경상사고,0,0,2,0,차대차 - 추돌,안전운전불이행,건조,맑음,단일로 - 터널,승용,여,32세,경상,승용,남,67세,경상
2022071500100107,2022년 7월 15일 08시,금요일,경기도 고양시 덕양구 대자동,경상사고,0,0,1,0,차대차 - 추돌,안전운전불이행,건조,맑음,단일로 - 기타,승용,여,62세,상해없음,승용,남,41세,경상
2022071500100174,2022년 7월 15일 10시,금요일,경기도 구리시 토평동,경상사고,0,0,3,0,차대차 - 추돌,안전운전불이행,건조,기타,단일로 - 기타,승용,남,50세,상해없음,승용,남,22세,경상
2022071600100097,2022년 7월 16일 08시,토요일,경기도 고양시 덕양구 원당동,경상사고,0,0,2,0,차대차 - 기타,안전운전불이행,건조,맑음,단일로 - 기타,승용,남,74세,상해없음,화물,남,64세,경상
2022071600100323,2022년 7월 16일 15시,토요일,경기도 시흥시 계수동,경상사고,0,0,2,0,차대차 - 측면충돌,신호위반,건조,맑음,단일로 - 기타,승용,여,40세,상해없음,승용,남,67세,경상
2022071800100077,2022년 7월 18일 07시,월요일,경기도 의정부시 의정부동,경상사고,0,0,1,0,차대차 - 측면충돌,안전거리미확보,건조,맑음,단일로 - 기타,승용,여,51세,상해없음,승용,남,26세,경상
2022071800100581,2022년 7월 18일 22시,월요일,경기도 구리시 토평동,경상사고,0,0,1,0,차대차 - 측면충돌,안전거리미확보,건조,맑음,단일로 - 기타,승용,남,38세,상해없음,화물,남,60세,경상
2022071900100293,2022년 7월 19일 14시,화요일,인천광역시 부평구 삼산동,경상사고,0,0,2,0,차대차 - 추돌,차로위반,건조,맑음,단일로 - 기타,화물,남,57세,상해없음,승용,남,32세,경상
2022071900100496,2022년 7월 19일 20시,화요일,서울특별시 송파구 장지동,경상사고,0,0,2,0,차대차 - 기타,안전거리미확보,건조,맑음,단일로 - 기타,승용,남,34세,상해없음,승용,남,31세,경상
2022072000100154,2022년 7월 20일 09시,수요일,인천광역시 부평구 일신동,경상사고,0,0,2,0,차대차 - 추돌,안전운전불이행,건조,맑음,단일로 - 교량,승용,남,38세,경상,승용,여,39세,경상
2022072000100589,2022년 7월 20일 22시,수요일,경기도 구리시 토평동,경상사고,0,0,1,0,차대차 - 측면충돌,안전운전불이행,기타,흐림,기타 - 기타,특수,남,50세,상해없음,승용,남,24세,경상
2022072100100037,2022년 7월 21일 04시,목요일,경기도 시흥시 계수동,경상사고,0,0,1,0,차대차 - 측면충돌,안전운전불이행,젖음/습기,비,단일로 - 교량,화물,남,41세,상해없음,승용,남,28세,경상
2022072100100068,2022년 7월 21일 06시,목요일,경기도 구리시 토평동,경상사고,0,0,1,0,차대차 - 측면충돌,기타,건조,맑음,단일로 - 기타,화물,남,50세,상해없음,승용,남,64세,경상
2022072200100148,2022년 7월 22일 09시,금요일,경기도 양주시 장흥면,중상사고,0,1,0,0,차대차 - 기타,안전거리미확보,건조,맑음,단일로 - 기타,화물,남,59세,상해없음,화물,남,65세,중상
2022072300100235,2022년 7월 23일 13시,토요일,경기도 성남시 수정구 사송동,경상사고,0,0,2,0,차대차 - 추돌,안전운전불이행,건조,맑음,단일로 - 기타,승용,남,53세,상해없음,승용,여,53세,경상
2022072300100295,2022년 7월 23일 15시,토요일,경기도 안양시 만안구 안양동,중상사고,0,1,0,0,차대차 - 측면충돌,신호위반,젖음/습기,비,단일로 - 터널,승용,남,75세,상해없음,승용,남,34세,중상
2022072400100164,2022년 7월 24일 13시,일요일,경기도 구리시 토평동,경상사고,0,0,1,0,차대차 - 측면충돌,안전거리미확보,건조,맑음,단일로 - 기타,특수,남,50세,상해없음,승용,남,67세,상해없음
2022072400100216,2022년 7월 24일 15시,일요일,인천광역시 부평구 삼산동,경상사고,0,0,1,0,차대차 - 측면충돌,안전거리미확보,건조,맑음,단일로 - 교량,승용,남,55세,상해없음,승용,남,21세,경상
2022072500100043,2022년 7월 25일 06시,월요일,경기도 김포시 고촌읍,경상사고,0,0,1,0,차대차 - 측면충돌,차로위반,건조,맑음,단일로 - 기타,승용,남,68세,상해없음,승용,남,28세,경상
2022072500100058,2022년 7월 25일 07시,월요일,경기도 안양시 동안구 평촌동,부상신고사고,0,0,0,1,차대차 - 추돌,안전운전불이행,건조,맑음,단일로 - 기타,화물,남,27세,상해없음,화물,남,67세,부상신고
2022072500100066,2022년 7월 25일 07시,월요일,인천광역시 계양구 노오지동,경상사고,0,0,1,0,차대차 - 추돌,안전운전불이행,건조,맑음,기타 - 기타,승용,여,50세,상해없음,승용,남,47세,경상
2022072500100067,2022년 7월 25일 07시,월요일,경기도 시흥시 계수동,경상사고,0,0,1,0,차대차 - 추돌,안전운전불이행,건조,맑음,단일로 - 기타,화물,남,61세,상해없음,승용,남,64세,경상
2022072500100182,2022년 7월 25일 10시,월요일,인천광역시 부평구 일신동,경상사고,0,0,1,0,차대차 - 측면충돌,안전운전불이행,건조,맑음,단일로 - 기타,승용,남,74세,상해없음,화물,남,32세,경상
2022072500100490,2022년 7월 25일 18시,월요일,인천광역시 계양구 용종동,경상사고,0,0,2,0,차대차 - 추돌,안전운전불이행,건조,맑음,단일로 - 고가도로위,승용,남,50세,상해없음,승용,남,53세,경상
2022072600100147,2022년 7월 26일 09시,화요일,경기도 고양시 덕양구 대자동,경상사고,0,0,1,0,차대차 - 추돌,안전운전불이행,건조,맑음,단일로 - 기타,승용,여,43세,상해없음,승용,남,31세,경상
2022072600100180,2022년 7월 26일 10시,화요일,경기도 하남시 초일동,경상사고,0,0,2,0,차대차 - 기타,안전운전불이행,건조,맑음,단일로 - 기타,승용,여,38세,경상,화물,남,35세,경상
2022072600100317,2022년 7월 26일 14시,화요일,경기도 의왕시 학의동,경상사고,0,0,1,0,차대차 - 기타,안전거리미확보,건조,맑음,단일로 - 기타,승용,남,49세,상해없음,화물,남,38세,경상
2022072600100381,2022년 7월 26일 15시,화요일,경기도 시흥시 대야동,경상사고,0,0,1,0,차대차 - 기타,기타,건조,맑음,단일로 - 교량,기타불명,기타불명,미분류,기타불명,승용,여,68세,경상
2022072700100055,2022년 7월 27일 07시,수요일,경기도 남양주시 별내동,경상사고,0,0,1,0,차대차 - 추돌,안전운전불이행,건조,맑음,단일로 - 교량,화물,남,47세,상해없음,화물,남,50세,경상
2022072700100220,2022년 7월 27일 12시,수요일,인천광역시 계양구 동양동,경상사고,0,0,1,0,차대차 - 측면충돌,안전운전불이행,건조,맑음,단일로 - 기타,승용,남,52세,상해없음,승용,남,34세,경상
2022072700100244,2022년 7월 27일 13시,수요일,서울특별시 송파구 마천동,경상사고,0,0,1,0,차대차 - 추돌,안전운전불이행,건조,맑음,기타 - 기타,승용,여,32세,상해없음,승용,여,42세,경상
2022072800100100,2022년 7월 28일 08시,목요일,경기도 하남시 감일동,경상사고,0,0,2,0,차대차 - 기타,신호위반,건조,맑음,단일로 - 기타,기타불명,기타불명,미분류,기타불명,승용,남,76세,경상
2022072800100289,2022년 7월 28일 14시,목요일,경기도 하남시 감일동,사망사고,1,0,0,0,차대차 - 기타,안전운전불이행,건조,맑음,단일로 - 기타,화물,남,81세,사망,승용,남,52세,기타불명
2022072900100039,2022년 7월 29일 03시,금요일,경기도 구리시 사노동,경상사고,0,0,1,0,차대차 - 기타,안전거리미확보,건조,맑음,단일로 - 기타,승용,남,28세,기타불명,화물,남,49세,경상
2022072900100122,2022년 7월 29일 08시,금요일,경기도 남양주시 별내동,중상사고,0,1,0,0,차대차 - 기타,기타,건조,흐림,단일로 - 기타,기타불명,기타불명,미분류,기타불명,승용,남,31세,중상
2022072900100148,2022년 7월 29일 09시,금요일,경기도 구리시 토평동,경상사고,0,0,1,0,차대차 - 측면충돌,안전운전불이행,건조,맑음,단일로 - 기타,승용,여,70세,상해없음,승용,여,54세,경상
2022072900100266,2022년 7월 29일 12시,금요일,경기도 하남시 초일동,경상사고,0,0,1,0,차대차 - 측면충돌,안전운전불이행,건조,맑음,단일로 - 기타,화물,남,71세,상해없음,화물,남,41세,경상
2022073000100167,2022년 7월 30일 10시,토요일,경기도 시흥시 안현동,경상사고,0,0,3,0,차대차 - 측면충돌,안전거리미확보,건조,맑음,단일로 - 교량,승용,남,73세,경상,화물,남,43세,경상
2022080100100238,2022년 8월 1일 13시,월요일,경기도 양주시 장흥면,중상사고,0,1,2,0,차대차 - 추돌,안전운전불이행,건조,맑음,단일로 - 기타,화물,남,53세,상해없음,승용,남,28세,경상
2022080100100239,2022년 8월 1일 13시,월요일,서울특별시 강동구 강일동,경상사고,0,0,1,0,차대차 - 추돌,안전운전불이행,건조,맑음,단일로 - 기타,승용,여,45세,상해없음,승용,남,63세,경상
2022080200100044,2022년 8월 2일 03시,화요일,인천광역시 부평구 일신동,경상사고,0,0,3,0,차대차 - 측면충돌,안전운전불이행,젖음/습기,비,단일로 - 교량,화물,남,66세,상해없음,승용,남,55세,경상
2022080200100103,2022년 8월 2일 08시,화요일,인천광역시 부평구 일신동,중상사고,0,2,0,0,차대차 - 기타,기타,젖음/습기,비,단일로 - 기타,승용,남,42세,상해없음,화물,남,61세,중상
2022080200100114,2022년 8월 2일 09시,화요일,경기도 하남시 감북동,경상사고,0,0,2,0,차대차 - 측면충돌,안전거리미확보,젖음/습기,흐림,단일로 - 기타,화물,남,65세,상해없음,승용,남,28세,경상
2022080300100031,2022년 8월 3일 01시,수요일,서울특별시 강동구 강일동,경상사고,0,0,2,0,차대차 - 추돌,안전운전불이행,젖음/습기,비,단일로 - 기타,승용,남,60세,상해없음,승용,남,45세,경상
2022080300100061,2022년 8월 3일 05시,수요일,인천광역시 부평구 일신동,경상사고,0,0,5,0,차대차 - 추돌,안전운전불이행,젖음/습기,비,단일로 - 교량,승용,남,63세,상해없음,승용,남,39세,경상
2022080400100021,2022년 8월 4일 04시,목요일,인천광역시 부평구 일신동,경상사고,0,0,5,0,차량단독 - 공작물충돌,기타,젖음/습기,비,단일로 - 교량,승용,남,39세,경상,,,,
2022080400100217,2022년 8월 4일 12시,목요일,경기도 양주시 장흥면,경상사고,0,0,1,0,차대차 - 측면충돌,신호위반,건조,맑음,단일로 - 기타,승용,남,57세,상해없음,승용,남,59세,경상
2022080500100352,2022년 8월 5일 15시,금요일,경기도 양주시 장흥면,중상사고,0,1,0,0,차대차 - 기타,안전운전불이행,건조,맑음,단일로 - 기타,승용,여,35세,상해없음,승용,남,75세,중상
2022080500100482,2022년 8월 5일 18시,금요일,경기도 구리시 토평동,경상사고,0,0,1,0,차대차 - 기타,안전운전불이행,건조,맑음,단일로 - 기타,승용,여,47세,상해없음,승용,남,43세,경상
2022080600100342,2022년 8월 6일 16시,토요일,서울특별시 노원구 상계동,경상사고,0,0,5,0,차대차 - 기타,신호위반,건조,맑음,단일로 - 터널,승용,남,36세,경상,승용,여,41세,경상
2022080700100019,2022년 8월 7일 01시,일요일,인천광역시 계양구 병방동,중상사고,0,2,0,0,차대차 - 추돌,안전운전불이행,건조,맑음,단일로 - 기타,승용,남,22세,상해없음,승용,남,81세,중상
2022080800100043,2022년 8월 8일 06시,월요일,경기도 구리시 토평동,경상사고,0,0,2,0,차대차 - 기타,안전운전불이행,젖음/습기,비,단일로 - 기타,승용,여,48세,경상,화물,남,62세,경상
2022080800100569,2022년 8월 8일 23시,월요일,경기도 남양주시 별내동,사망사고,1,0,0,0,차대사람 - 기타,안전운전불이행,젖음/습기,비,단일로 - 기타,승용,남,29세,상해없음,보행자,남,70세,사망
2022081000100502,2022년 8월 10일 21시,수요일,인천광역시 계양구 노오지동,경상사고,0,0,1,0,차대차 - 추돌,안전운전불이행,젖음/습기,비,단일로 - 기타,승용,남,63세,상해없음,승용,남,35세,경상
2022081000100554,2022년 8월 10일 23시,수요일,경기도 하남시 천현동,중상사고,0,1,0,0,차대차 - 추돌,안전운전불이행,젖음/습기,비,단일로 - 기타,승용,여,31세,상해없음,승용,남,27세,중상